title,text,created_at,tags,author_id,picture
Проект 'Зеленый город' запускается в нашем городе! ,"Организация волонтеров по благоустройству запускает проект ""Зеленый город"", цель которого - создать больше зеленых зон и садов для улучшения экологии и комфорта жителей.",,,51,
Техника для благоустройства города: дарим новые инструменты!,Организация волонтеров заявляет о покупке новых инструментов для благоустройства города и приглашает жителей помочь владельцам садов и дворов внести позитивные изменения,,,51,
Волонтеры-скульпторы создадут уникальную скульптуру в центре города!,Организация волонтеров объявляет о запуске проекта по созданию уникальной скульптуры в центральной части города с целью привлечения внимания к искусству и культуре.,,,51,
Вечер благоустройства: вместе делаем город красивым!,"Организация волонтеров приглашает всех желающих принять участие во вечере благоустройства, цель которого - сделать наш город чище и уютнее для всех его жителей.",,,51,
Благотворительный марафон: заботимся о бездомных животных!,"Организация волонтеров запускает благотворительный марафон, собрав средства на строительство приютов и проведение ветеринарных мероприятий для бездомных животных в городе.",,,51,
Волонтеры-архитекторы представляют проект реконструкции городского парка!,"Организация волонтеров-архитекторов представляет проект реконструкции городского парка, направленный на улучшение инфраструктуры, создание комфортных зон и привлечение большего числа посетителей.",,,51,
Посадка новых деревьев: зеленые руки волонтеров!,Организация волонтеров проводит акцию по посадке новых деревьев в городе с целью улучшения экологической обстановки и создания приятной атмосферы для отдыха и прогулок.,,,51,
Уборка пляжа: волонтёры делают отдых безопасным,"Организация волонтеров проводит ежегодную акцию по уборке пляжей, цель которой - поддерживать чистоту и порядок для безопасного отдыха горожан и туристов.",,,51,
Проект 'Цветочный город': украсим наши улицы!,"Организация волонтеров приглашает жителей посадить цветы в городе, чтобы украсить улицы и создать позитивную атмосферу.",,,51,
Мастер-класс по граффити: волонтеры украшают стены города!,"Организация волонтеров проводит мастер-класс по граффити, приглашая всех желающих попробовать себя в уличном искусстве и придать городу новые яркие штрихи.",,,51,
Школа урбанистического дизайна: развиваем креативные способности!,"Организация волонтеров запускает школу урбанистического дизайна, предлагая уроки и мастер-классы по дизайну городской среды для тех, кто хочет изменить и улучшить свой город.",,,51,
Волонтеры-медики оказывают первую помощь на улицах города!,"Организация волонтеров-медиков проводит тренировки и предоставляет первую помощь на улицах города, помогая пострадавшим и пропагандируя основы медицинских знаний.
",,,51,
Благоустройство сквера: создаем пространство для активного отдыха!,"Организация волонтеров начинает проект по благоустройству сквера, включающий в себя установку спортивных площадок, лавочек и других объектов для активного отдыха горожан.",,,51,
Волонтёры-экоактивисты проведут акцию 'Чистый берег'!,"Организация волонтеров-экоактивистов проведет акцию по очистке побережья реки от мусора, привлекая внимание к проблеме загрязнения водных ресурсов и экологии города.",,,51,
Мастер-класс по уходу за растениями: вместе сделаем город зеленым!,"Организация волонтеров приглашает всех желающих на мастер-класс по уходу за растениями, чтобы поделиться опытом и знаниями о садоводстве и создании зеленых уголков в городе.",,,51,
Волонтеры-архитекторы презентуют проект пешеходной набережной!,Организация волонтеров-архитекторов представляет проект реконструкции пешеходной набережной с целью создания комфортной и безопасной зоны для прогулок и активного отдыха.,,,51,
Создание игровых площадок: вместе делаем город дружелюбным к детям!,"Организация волонтеров объявляет о запуске проекта по созданию новых игровых площадок в городе, призванного обеспечить детям безопасное и интересное времяпрепровождение.",,,51,
Организация волонтеров проводит мастер-класс по уборке общественных мест!,"Организация волонтеров проводит мастер-класс по уборке общественных мест, чтобы научить жителей правильной технике уборки и вовлечь их в заботу о чистоте и порядке в городе.",,,51,
